0,1,2,3,4,5
0,0-999,0-4999,0-9999,0-19999,*
100,0-999,0-4999,0-9999,0-19999,*
200,0-999,0-4999,0-9999,0-19999,*
300,0-999,0-4999,0-9999,0-19999,*
400,0-999,0-4999,0-9999,0-19999,*
500,0-999,0-4999,0-9999,0-19999,*
600,0-999,0-4999,0-9999,0-19999,*
700,0-999,0-4999,0-9999,0-19999,*
800,0-999,0-4999,0-9999,0-19999,*
900,0-999,0-4999,0-9999,0-19999,*
1000,1000-1999,0-4999,0-9999,0-19999,*
1100,1000-1999,0-4999,0-9999,0-19999,*
1200,1000-1999,0-4999,0-9999,0-19999,*
1300,1000-1999,0-4999,0-9999,0-19999,*
1400,1000-1999,0-4999,0-9999,0-19999,*
1500,1000-1999,0-4999,0-9999,0-19999,*
1600,1000-1999,0-4999,0-9999,0-19999,*
1700,1000-1999,0-4999,0-9999,0-19999,*
1800,1000-1999,0-4999,0-9999,0-19999,*
1900,1000-1999,0-4999,0-9999,0-19999,*
2000,2000-2999,0-4999,0-9999,0-19999,*
2100,2000-2999,0-4999,0-9999,0-19999,*
2200,2000-2999,0-4999,0-9999,0-19999,*
2300,2000-2999,0-4999,0-9999,0-19999,*
2400,2000-2999,0-4999,0-9999,0-19999,*
2500,2000-2999,0-4999,0-9999,0-19999,*
2600,2000-2999,0-4999,0-9999,0-19999,*
2700,2000-2999,0-4999,0-9999,0-19999,*
2800,2000-2999,0-4999,0-9999,0-19999,*
2900,2000-2999,0-4999,0-9999,0-19999,*
3000,3000-3999,0-4999,0-9999,0-19999,*
3100,3000-3999,0-4999,0-9999,0-19999,*
3200,3000-3999,0-4999,0-9999,0-19999,*
3300,3000-3999,0-4999,0-9999,0-19999,*
3400,3000-3999,0-4999,0-9999,0-19999,*
3500,3000-3999,0-4999,0-9999,0-19999,*
3600,3000-3999,0-4999,0-9999,0-19999,*
3700,3000-3999,0-4999,0-9999,0-19999,*
3800,3000-3999,0-4999,0-9999,0-19999,*
3900,3000-3999,0-4999,0-9999,0-19999,*
4000,4000-4999,0-4999,0-9999,0-19999,*
4100,4000-4999,0-4999,0-9999,0-19999,*
4200,4000-4999,0-4999,0-9999,0-19999,*
4300,4000-4999,0-4999,0-9999,0-19999,*
4400,4000-4999,0-4999,0-9999,0-19999,*
4500,4000-4999,0-4999,0-9999,0-19999,*
4600,4000-4999,0-4999,0-9999,0-19999,*
4700,4000-4999,0-4999,0-9999,0-19999,*
4800,4000-4999,0-4999,0-9999,0-19999,*
4900,4000-4999,0-4999,0-9999,0-19999,*
5000,5000-5999,5000-9999,0-9999,0-19999,*
5100,5000-5999,5000-9999,0-9999,0-19999,*
5200,5000-5999,5000-9999,0-9999,0-19999,*
5300,5000-5999,5000-9999,0-9999,0-19999,*
5400,5000-5999,5000-9999,0-9999,0-19999,*
5500,5000-5999,5000-9999,0-9999,0-19999,*
5600,5000-5999,5000-9999,0-9999,0-19999,*
5700,5000-5999,5000-9999,0-9999,0-19999,*
5800,5000-5999,5000-9999,0-9999,0-19999,*
5900,5000-5999,5000-9999,0-9999,0-19999,*
6000,6000-6999,5000-9999,0-9999,0-19999,*
6100,6000-6999,5000-9999,0-9999,0-19999,*
6200,6000-6999,5000-9999,0-9999,0-19999,*
6300,6000-6999,5000-9999,0-9999,0-19999,*
6400,6000-6999,5000-9999,0-9999,0-19999,*
6500,6000-6999,5000-9999,0-9999,0-19999,*
6600,6000-6999,5000-9999,0-9999,0-19999,*
6700,6000-6999,5000-9999,0-9999,0-19999,*
6800,6000-6999,5000-9999,0-9999,0-19999,*
6900,6000-6999,5000-9999,0-9999,0-19999,*
7000,7000-7999,5000-9999,0-9999,0-19999,*
7100,7000-7999,5000-9999,0-9999,0-19999,*
7200,7000-7999,5000-9999,0-9999,0-19999,*
7300,7000-7999,5000-9999,0-9999,0-19999,*
7400,7000-7999,5000-9999,0-9999,0-19999,*
7500,7000-7999,5000-9999,0-9999,0-19999,*
7600,7000-7999,5000-9999,0-9999,0-19999,*
7700,7000-7999,5000-9999,0-9999,0-19999,*
7800,7000-7999,5000-9999,0-9999,0-19999,*
7900,7000-7999,5000-9999,0-9999,0-19999,*
8000,8000-8999,5000-9999,0-9999,0-19999,*
8100,8000-8999,5000-9999,0-9999,0-19999,*
8200,8000-8999,5000-9999,0-9999,0-19999,*
8300,8000-8999,5000-9999,0-9999,0-19999,*
8400,8000-8999,5000-9999,0-9999,0-19999,*
8500,8000-8999,5000-9999,0-9999,0-19999,*
8600,8000-8999,5000-9999,0-9999,0-19999,*
8700,8000-8999,5000-9999,0-9999,0-19999,*
8800,8000-8999,5000-9999,0-9999,0-19999,*
8900,8000-8999,5000-9999,0-9999,0-19999,*
9000,9000-9999,5000-9999,0-9999,0-19999,*
9100,9000-9999,5000-9999,0-9999,0-19999,*
9200,9000-9999,5000-9999,0-9999,0-19999,*
9300,9000-9999,5000-9999,0-9999,0-19999,*
9400,9000-9999,5000-9999,0-9999,0-19999,*
9500,9000-9999,5000-9999,0-9999,0-19999,*
9600,9000-9999,5000-9999,0-9999,0-19999,*
9700,9000-9999,5000-9999,0-9999,0-19999,*
9800,9000-9999,5000-9999,0-9999,0-19999,*
9900,9000-9999,5000-9999,0-9999,0-19999,*
10000,10000-10999,10000-14999,10000-19999,0-19999,*
10100,10000-10999,10000-14999,10000-19999,0-19999,*
10200,10000-10999,10000-14999,10000-19999,0-19999,*
10300,10000-10999,10000-14999,10000-19999,0-19999,*
10400,10000-10999,10000-14999,10000-19999,0-19999,*
10500,10000-10999,10000-14999,10000-19999,0-19999,*
10600,10000-10999,10000-14999,10000-19999,0-19999,*
10700,10000-10999,10000-14999,10000-19999,0-19999,*
10800,10000-10999,10000-14999,10000-19999,0-19999,*
10900,10000-10999,10000-14999,10000-19999,0-19999,*
11000,11000-11999,10000-14999,10000-19999,0-19999,*
11100,11000-11999,10000-14999,10000-19999,0-19999,*
11200,11000-11999,10000-14999,10000-19999,0-19999,*
11300,11000-11999,10000-14999,10000-19999,0-19999,*
11400,11000-11999,10000-14999,10000-19999,0-19999,*
11500,11000-11999,10000-14999,10000-19999,0-19999,*
11600,11000-11999,10000-14999,10000-19999,0-19999,*
11700,11000-11999,10000-14999,10000-19999,0-19999,*
11800,11000-11999,10000-14999,10000-19999,0-19999,*
11900,11000-11999,10000-14999,10000-19999,0-19999,*
12000,12000-12999,10000-14999,10000-19999,0-19999,*
12100,12000-12999,10000-14999,10000-19999,0-19999,*
12200,12000-12999,10000-14999,10000-19999,0-19999,*
12300,12000-12999,10000-14999,10000-19999,0-19999,*
12400,12000-12999,10000-14999,10000-19999,0-19999,*
12500,12000-12999,10000-14999,10000-19999,0-19999,*
12600,12000-12999,10000-14999,10000-19999,0-19999,*
12700,12000-12999,10000-14999,10000-19999,0-19999,*
12800,12000-12999,10000-14999,10000-19999,0-19999,*
12900,12000-12999,10000-14999,10000-19999,0-19999,*
13000,13000-13999,10000-14999,10000-19999,0-19999,*
13100,13000-13999,10000-14999,10000-19999,0-19999,*
13200,13000-13999,10000-14999,10000-19999,0-19999,*
13300,13000-13999,10000-14999,10000-19999,0-19999,*
13400,13000-13999,10000-14999,10000-19999,0-19999,*
13500,13000-13999,10000-14999,10000-19999,0-19999,*
13600,13000-13999,10000-14999,10000-19999,0-19999,*
13700,13000-13999,10000-14999,10000-19999,0-19999,*
13800,13000-13999,10000-14999,10000-19999,0-19999,*
13900,13000-13999,10000-14999,10000-19999,0-19999,*
14000,14000-14999,10000-14999,10000-19999,0-19999,*
14100,14000-14999,10000-14999,10000-19999,0-19999,*
14200,14000-14999,10000-14999,10000-19999,0-19999,*
14300,14000-14999,10000-14999,10000-19999,0-19999,*
14400,14000-14999,10000-14999,10000-19999,0-19999,*
14500,14000-14999,10000-14999,10000-19999,0-19999,*
14600,14000-14999,10000-14999,10000-19999,0-19999,*
14700,14000-14999,10000-14999,10000-19999,0-19999,*
14800,14000-14999,10000-14999,10000-19999,0-19999,*
14900,14000-14999,10000-14999,10000-19999,0-19999,*
15000,15000-15999,15000-19999,10000-19999,0-19999,*
15100,15000-15999,15000-19999,10000-19999,0-19999,*
15200,15000-15999,15000-19999,10000-19999,0-19999,*
15300,15000-15999,15000-19999,10000-19999,0-19999,*
15400,15000-15999,15000-19999,10000-19999,0-19999,*
15500,15000-15999,15000-19999,10000-19999,0-19999,*
15600,15000-15999,15000-19999,10000-19999,0-19999,*
15700,15000-15999,15000-19999,10000-19999,0-19999,*
15800,15000-15999,15000-19999,10000-19999,0-19999,*
15900,15000-15999,15000-19999,10000-19999,0-19999,*
16000,16000-16999,15000-19999,10000-19999,0-19999,*
16100,16000-16999,15000-19999,10000-19999,0-19999,*
16200,16000-16999,15000-19999,10000-19999,0-19999,*
16300,16000-16999,15000-19999,10000-19999,0-19999,*
16400,16000-16999,15000-19999,10000-19999,0-19999,*
16500,16000-16999,15000-19999,10000-19999,0-19999,*
16600,16000-16999,15000-19999,10000-19999,0-19999,*
16700,16000-16999,15000-19999,10000-19999,0-19999,*
16800,16000-16999,15000-19999,10000-19999,0-19999,*
16900,16000-16999,15000-19999,10000-19999,0-19999,*
17000,17000-17999,15000-19999,10000-19999,0-19999,*
17100,17000-17999,15000-19999,10000-19999,0-19999,*
17200,17000-17999,15000-19999,10000-19999,0-19999,*
17300,17000-17999,15000-19999,10000-19999,0-19999,*
17400,17000-17999,15000-19999,10000-19999,0-19999,*
17500,17000-17999,15000-19999,10000-19999,0-19999,*
17600,17000-17999,15000-19999,10000-19999,0-19999,*
17700,17000-17999,15000-19999,10000-19999,0-19999,*
17800,17000-17999,15000-19999,10000-19999,0-19999,*
17900,17000-17999,15000-19999,10000-19999,0-19999,*
18000,18000-18999,15000-19999,10000-19999,0-19999,*
18100,18000-18999,15000-19999,10000-19999,0-19999,*
18200,18000-18999,15000-19999,10000-19999,0-19999,*
18300,18000-18999,15000-19999,10000-19999,0-19999,*
18400,18000-18999,15000-19999,10000-19999,0-19999,*
18500,18000-18999,15000-19999,10000-19999,0-19999,*
18600,18000-18999,15000-19999,10000-19999,0-19999,*
18700,18000-18999,15000-19999,10000-19999,0-19999,*
18800,18000-18999,15000-19999,10000-19999,0-19999,*
18900,18000-18999,15000-19999,10000-19999,0-19999,*
19000,19000-19999,15000-19999,10000-19999,0-19999,*
19100,19000-19999,15000-19999,10000-19999,0-19999,*
19200,19000-19999,15000-19999,10000-19999,0-19999,*
19300,19000-19999,15000-19999,10000-19999,0-19999,*
19400,19000-19999,15000-19999,10000-19999,0-19999,*
19500,19000-19999,15000-19999,10000-19999,0-19999,*
19600,19000-19999,15000-19999,10000-19999,0-19999,*
19700,19000-19999,15000-19999,10000-19999,0-19999,*
19800,19000-19999,15000-19999,10000-19999,0-19999,*
19900,19000-19999,15000-19999,10000-19999,0-19999,*
20000,20000-20999,20000-24999,20000-29999,20000-39999,*
20100,20000-20999,20000-24999,20000-29999,20000-39999,*
20200,20000-20999,20000-24999,20000-29999,20000-39999,*
20300,20000-20999,20000-24999,20000-29999,20000-39999,*
20400,20000-20999,20000-24999,20000-29999,20000-39999,*
20500,20000-20999,20000-24999,20000-29999,20000-39999,*
20600,20000-20999,20000-24999,20000-29999,20000-39999,*
20700,20000-20999,20000-24999,20000-29999,20000-39999,*
20800,20000-20999,20000-24999,20000-29999,20000-39999,*
20900,20000-20999,20000-24999,20000-29999,20000-39999,*
21000,21000-21999,20000-24999,20000-29999,20000-39999,*
21100,21000-21999,20000-24999,20000-29999,20000-39999,*
21200,21000-21999,20000-24999,20000-29999,20000-39999,*
21300,21000-21999,20000-24999,20000-29999,20000-39999,*
21400,21000-21999,20000-24999,20000-29999,20000-39999,*
21500,21000-21999,20000-24999,20000-29999,20000-39999,*
21600,21000-21999,20000-24999,20000-29999,20000-39999,*
21700,21000-21999,20000-24999,20000-29999,20000-39999,*
21800,21000-21999,20000-24999,20000-29999,20000-39999,*
21900,21000-21999,20000-24999,20000-29999,20000-39999,*
22000,22000-22999,20000-24999,20000-29999,20000-39999,*
22100,22000-22999,20000-24999,20000-29999,20000-39999,*
22200,22000-22999,20000-24999,20000-29999,20000-39999,*
22300,22000-22999,20000-24999,20000-29999,20000-39999,*
22400,22000-22999,20000-24999,20000-29999,20000-39999,*
22500,22000-22999,20000-24999,20000-29999,20000-39999,*
22600,22000-22999,20000-24999,20000-29999,20000-39999,*
22700,22000-22999,20000-24999,20000-29999,20000-39999,*
22800,22000-22999,20000-24999,20000-29999,20000-39999,*
22900,22000-22999,20000-24999,20000-29999,20000-39999,*
23000,23000-23999,20000-24999,20000-29999,20000-39999,*
23100,23000-23999,20000-24999,20000-29999,20000-39999,*
23200,23000-23999,20000-24999,20000-29999,20000-39999,*
23300,23000-23999,20000-24999,20000-29999,20000-39999,*
23400,23000-23999,20000-24999,20000-29999,20000-39999,*
23500,23000-23999,20000-24999,20000-29999,20000-39999,*
23600,23000-23999,20000-24999,20000-29999,20000-39999,*
23700,23000-23999,20000-24999,20000-29999,20000-39999,*
23800,23000-23999,20000-24999,20000-29999,20000-39999,*
23900,23000-23999,20000-24999,20000-29999,20000-39999,*
24000,24000-24999,20000-24999,20000-29999,20000-39999,*
24100,24000-24999,20000-24999,20000-29999,20000-39999,*
24200,24000-24999,20000-24999,20000-29999,20000-39999,*
24300,24000-24999,20000-24999,20000-29999,20000-39999,*
24400,24000-24999,20000-24999,20000-29999,20000-39999,*
24500,24000-24999,20000-24999,20000-29999,20000-39999,*
24600,24000-24999,20000-24999,20000-29999,20000-39999,*
24700,24000-24999,20000-24999,20000-29999,20000-39999,*
24800,24000-24999,20000-24999,20000-29999,20000-39999,*
24900,24000-24999,20000-24999,20000-29999,20000-39999,*
25000,25000-25999,25000-29999,20000-29999,20000-39999,*
25100,25000-25999,25000-29999,20000-29999,20000-39999,*
25200,25000-25999,25000-29999,20000-29999,20000-39999,*
25300,25000-25999,25000-29999,20000-29999,20000-39999,*
25400,25000-25999,25000-29999,20000-29999,20000-39999,*
25500,25000-25999,25000-29999,20000-29999,20000-39999,*
25600,25000-25999,25000-29999,20000-29999,20000-39999,*
25700,25000-25999,25000-29999,20000-29999,20000-39999,*
25800,25000-25999,25000-29999,20000-29999,20000-39999,*
25900,25000-25999,25000-29999,20000-29999,20000-39999,*
26000,26000-26999,25000-29999,20000-29999,20000-39999,*
26100,26000-26999,25000-29999,20000-29999,20000-39999,*
26200,26000-26999,25000-29999,20000-29999,20000-39999,*
26300,26000-26999,25000-29999,20000-29999,20000-39999,*
26400,26000-26999,25000-29999,20000-29999,20000-39999,*
26500,26000-26999,25000-29999,20000-29999,20000-39999,*
26600,26000-26999,25000-29999,20000-29999,20000-39999,*
26700,26000-26999,25000-29999,20000-29999,20000-39999,*
26800,26000-26999,25000-29999,20000-29999,20000-39999,*
26900,26000-26999,25000-29999,20000-29999,20000-39999,*
27000,27000-27999,25000-29999,20000-29999,20000-39999,*
27100,27000-27999,25000-29999,20000-29999,20000-39999,*
27200,27000-27999,25000-29999,20000-29999,20000-39999,*
27300,27000-27999,25000-29999,20000-29999,20000-39999,*
27400,27000-27999,25000-29999,20000-29999,20000-39999,*
27500,27000-27999,25000-29999,20000-29999,20000-39999,*
27600,27000-27999,25000-29999,20000-29999,20000-39999,*
27700,27000-27999,25000-29999,20000-29999,20000-39999,*
27800,27000-27999,25000-29999,20000-29999,20000-39999,*
27900,27000-27999,25000-29999,20000-29999,20000-39999,*
28000,28000-28999,25000-29999,20000-29999,20000-39999,*
28100,28000-28999,25000-29999,20000-29999,20000-39999,*
28200,28000-28999,25000-29999,20000-29999,20000-39999,*
28300,28000-28999,25000-29999,20000-29999,20000-39999,*
28400,28000-28999,25000-29999,20000-29999,20000-39999,*
28500,28000-28999,25000-29999,20000-29999,20000-39999,*
28600,28000-28999,25000-29999,20000-29999,20000-39999,*
28700,28000-28999,25000-29999,20000-29999,20000-39999,*
28800,28000-28999,25000-29999,20000-29999,20000-39999,*
28900,28000-28999,25000-29999,20000-29999,20000-39999,*
29000,29000-29999,25000-29999,20000-29999,20000-39999,*
29100,29000-29999,25000-29999,20000-29999,20000-39999,*
29200,29000-29999,25000-29999,20000-29999,20000-39999,*
29300,29000-29999,25000-29999,20000-29999,20000-39999,*
29400,29000-29999,25000-29999,20000-29999,20000-39999,*
29500,29000-29999,25000-29999,20000-29999,20000-39999,*
29600,29000-29999,25000-29999,20000-29999,20000-39999,*
29700,29000-29999,25000-29999,20000-29999,20000-39999,*
29800,29000-29999,25000-29999,20000-29999,20000-39999,*
29900,29000-29999,25000-29999,20000-29999,20000-39999,*
30000,30000-30999,30000-34999,30000-39999,20000-39999,*
30100,30000-30999,30000-34999,30000-39999,20000-39999,*
30200,30000-30999,30000-34999,30000-39999,20000-39999,*
30300,30000-30999,30000-34999,30000-39999,20000-39999,*
30400,30000-30999,30000-34999,30000-39999,20000-39999,*
30500,30000-30999,30000-34999,30000-39999,20000-39999,*
30600,30000-30999,30000-34999,30000-39999,20000-39999,*
30700,30000-30999,30000-34999,30000-39999,20000-39999,*
30800,30000-30999,30000-34999,30000-39999,20000-39999,*
30900,30000-30999,30000-34999,30000-39999,20000-39999,*
31000,31000-31999,30000-34999,30000-39999,20000-39999,*
31100,31000-31999,30000-34999,30000-39999,20000-39999,*
31200,31000-31999,30000-34999,30000-39999,20000-39999,*
31300,31000-31999,30000-34999,30000-39999,20000-39999,*
31400,31000-31999,30000-34999,30000-39999,20000-39999,*
31500,31000-31999,30000-34999,30000-39999,20000-39999,*
31600,31000-31999,30000-34999,30000-39999,20000-39999,*
31700,31000-31999,30000-34999,30000-39999,20000-39999,*
31800,31000-31999,30000-34999,30000-39999,20000-39999,*
31900,31000-31999,30000-34999,30000-39999,20000-39999,*
32000,32000-32999,30000-34999,30000-39999,20000-39999,*
32100,32000-32999,30000-34999,30000-39999,20000-39999,*
32200,32000-32999,30000-34999,30000-39999,20000-39999,*
32300,32000-32999,30000-34999,30000-39999,20000-39999,*
32400,32000-32999,30000-34999,30000-39999,20000-39999,*
32500,32000-32999,30000-34999,30000-39999,20000-39999,*
32600,32000-32999,30000-34999,30000-39999,20000-39999,*
32700,32000-32999,30000-34999,30000-39999,20000-39999,*
32800,32000-32999,30000-34999,30000-39999,20000-39999,*
32900,32000-32999,30000-34999,30000-39999,20000-39999,*
33000,33000-33999,30000-34999,30000-39999,20000-39999,*
33100,33000-33999,30000-34999,30000-39999,20000-39999,*
33200,33000-33999,30000-34999,30000-39999,20000-39999,*
33300,33000-33999,30000-34999,30000-39999,20000-39999,*
33400,33000-33999,30000-34999,30000-39999,20000-39999,*
33500,33000-33999,30000-34999,30000-39999,20000-39999,*
33600,33000-33999,30000-34999,30000-39999,20000-39999,*
33700,33000-33999,30000-34999,30000-39999,20000-39999,*
33800,33000-33999,30000-34999,30000-39999,20000-39999,*
33900,33000-33999,30000-34999,30000-39999,20000-39999,*
34000,34000-34999,30000-34999,30000-39999,20000-39999,*
34100,34000-34999,30000-34999,30000-39999,20000-39999,*
34200,34000-34999,30000-34999,30000-39999,20000-39999,*
34300,34000-34999,30000-34999,30000-39999,20000-39999,*
34400,34000-34999,30000-34999,30000-39999,20000-39999,*
34500,34000-34999,30000-34999,30000-39999,20000-39999,*
34600,34000-34999,30000-34999,30000-39999,20000-39999,*
34700,34000-34999,30000-34999,30000-39999,20000-39999,*
34800,34000-34999,30000-34999,30000-39999,20000-39999,*
34900,34000-34999,30000-34999,30000-39999,20000-39999,*
35000,35000-35999,35000-39999,30000-39999,20000-39999,*
35100,35000-35999,35000-39999,30000-39999,20000-39999,*
35200,35000-35999,35000-39999,30000-39999,20000-39999,*
35300,35000-35999,35000-39999,30000-39999,20000-39999,*
35400,35000-35999,35000-39999,30000-39999,20000-39999,*
35500,35000-35999,35000-39999,30000-39999,20000-39999,*
35600,35000-35999,35000-39999,30000-39999,20000-39999,*
35700,35000-35999,35000-39999,30000-39999,20000-39999,*
35800,35000-35999,35000-39999,30000-39999,20000-39999,*
35900,35000-35999,35000-39999,30000-39999,20000-39999,*
36000,36000-36999,35000-39999,30000-39999,20000-39999,*
36100,36000-36999,35000-39999,30000-39999,20000-39999,*
36200,36000-36999,35000-39999,30000-39999,20000-39999,*
36300,36000-36999,35000-39999,30000-39999,20000-39999,*
36400,36000-36999,35000-39999,30000-39999,20000-39999,*
36500,36000-36999,35000-39999,30000-39999,20000-39999,*
36600,36000-36999,35000-39999,30000-39999,20000-39999,*
36700,36000-36999,35000-39999,30000-39999,20000-39999,*
36800,36000-36999,35000-39999,30000-39999,20000-39999,*
36900,36000-36999,35000-39999,30000-39999,20000-39999,*
37000,37000-37999,35000-39999,30000-39999,20000-39999,*
37100,37000-37999,35000-39999,30000-39999,20000-39999,*
37200,37000-37999,35000-39999,30000-39999,20000-39999,*
37300,37000-37999,35000-39999,30000-39999,20000-39999,*
37400,37000-37999,35000-39999,30000-39999,20000-39999,*
37500,37000-37999,35000-39999,30000-39999,20000-39999,*
37600,37000-37999,35000-39999,30000-39999,20000-39999,*
37700,37000-37999,35000-39999,30000-39999,20000-39999,*
37800,37000-37999,35000-39999,30000-39999,20000-39999,*
37900,37000-37999,35000-39999,30000-39999,20000-39999,*
38000,38000-38999,35000-39999,30000-39999,20000-39999,*
38100,38000-38999,35000-39999,30000-39999,20000-39999,*
38200,38000-38999,35000-39999,30000-39999,20000-39999,*
38300,38000-38999,35000-39999,30000-39999,20000-39999,*
38400,38000-38999,35000-39999,30000-39999,20000-39999,*
38500,38000-38999,35000-39999,30000-39999,20000-39999,*
38600,38000-38999,35000-39999,30000-39999,20000-39999,*
38700,38000-38999,35000-39999,30000-39999,20000-39999,*
38800,38000-38999,35000-39999,30000-39999,20000-39999,*
38900,38000-38999,35000-39999,30000-39999,20000-39999,*
39000,39000-39999,35000-39999,30000-39999,20000-39999,*
39100,39000-39999,35000-39999,30000-39999,20000-39999,*
39200,39000-39999,35000-39999,30000-39999,20000-39999,*
39300,39000-39999,35000-39999,30000-39999,20000-39999,*
39400,39000-39999,35000-39999,30000-39999,20000-39999,*
39500,39000-39999,35000-39999,30000-39999,20000-39999,*
39600,39000-39999,35000-39999,30000-39999,20000-39999,*
39700,39000-39999,35000-39999,30000-39999,20000-39999,*
39800,39000-39999,35000-39999,30000-39999,20000-39999,*
39900,39000-39999,35000-39999,30000-39999,20000-39999,*
40000,40000-40999,40000-44999,40000-49999,40000-59999,*
40100,40000-40999,40000-44999,40000-49999,40000-59999,*
40200,40000-40999,40000-44999,40000-49999,40000-59999,*
40300,40000-40999,40000-44999,40000-49999,40000-59999,*
40400,40000-40999,40000-44999,40000-49999,40000-59999,*
40500,40000-40999,40000-44999,40000-49999,40000-59999,*
40600,40000-40999,40000-44999,40000-49999,40000-59999,*
40700,40000-40999,40000-44999,40000-49999,40000-59999,*
40800,40000-40999,40000-44999,40000-49999,40000-59999,*
40900,40000-40999,40000-44999,40000-49999,40000-59999,*
41000,41000-41999,40000-44999,40000-49999,40000-59999,*
41100,41000-41999,40000-44999,40000-49999,40000-59999,*
41200,41000-41999,40000-44999,40000-49999,40000-59999,*
41300,41000-41999,40000-44999,40000-49999,40000-59999,*
41400,41000-41999,40000-44999,40000-49999,40000-59999,*
41500,41000-41999,40000-44999,40000-49999,40000-59999,*
41600,41000-41999,40000-44999,40000-49999,40000-59999,*
41700,41000-41999,40000-44999,40000-49999,40000-59999,*
41800,41000-41999,40000-44999,40000-49999,40000-59999,*
41900,41000-41999,40000-44999,40000-49999,40000-59999,*
42000,42000-42999,40000-44999,40000-49999,40000-59999,*
42100,42000-42999,40000-44999,40000-49999,40000-59999,*
42200,42000-42999,40000-44999,40000-49999,40000-59999,*
42300,42000-42999,40000-44999,40000-49999,40000-59999,*
42400,42000-42999,40000-44999,40000-49999,40000-59999,*
42500,42000-42999,40000-44999,40000-49999,40000-59999,*
42600,42000-42999,40000-44999,40000-49999,40000-59999,*
42700,42000-42999,40000-44999,40000-49999,40000-59999,*
42800,42000-42999,40000-44999,40000-49999,40000-59999,*
42900,42000-42999,40000-44999,40000-49999,40000-59999,*
43000,43000-43999,40000-44999,40000-49999,40000-59999,*
43100,43000-43999,40000-44999,40000-49999,40000-59999,*
43200,43000-43999,40000-44999,40000-49999,40000-59999,*
43300,43000-43999,40000-44999,40000-49999,40000-59999,*
43400,43000-43999,40000-44999,40000-49999,40000-59999,*
43500,43000-43999,40000-44999,40000-49999,40000-59999,*
43600,43000-43999,40000-44999,40000-49999,40000-59999,*
43700,43000-43999,40000-44999,40000-49999,40000-59999,*
43800,43000-43999,40000-44999,40000-49999,40000-59999,*
43900,43000-43999,40000-44999,40000-49999,40000-59999,*
44000,44000-44999,40000-44999,40000-49999,40000-59999,*
44100,44000-44999,40000-44999,40000-49999,40000-59999,*
44200,44000-44999,40000-44999,40000-49999,40000-59999,*
44300,44000-44999,40000-44999,40000-49999,40000-59999,*
44400,44000-44999,40000-44999,40000-49999,40000-59999,*
44500,44000-44999,40000-44999,40000-49999,40000-59999,*
44600,44000-44999,40000-44999,40000-49999,40000-59999,*
44700,44000-44999,40000-44999,40000-49999,40000-59999,*
44800,44000-44999,40000-44999,40000-49999,40000-59999,*
44900,44000-44999,40000-44999,40000-49999,40000-59999,*
45000,45000-45999,45000-49999,40000-49999,40000-59999,*
45100,45000-45999,45000-49999,40000-49999,40000-59999,*
45200,45000-45999,45000-49999,40000-49999,40000-59999,*
45300,45000-45999,45000-49999,40000-49999,40000-59999,*
45400,45000-45999,45000-49999,40000-49999,40000-59999,*
45500,45000-45999,45000-49999,40000-49999,40000-59999,*
45600,45000-45999,45000-49999,40000-49999,40000-59999,*
45700,45000-45999,45000-49999,40000-49999,40000-59999,*
45800,45000-45999,45000-49999,40000-49999,40000-59999,*
45900,45000-45999,45000-49999,40000-49999,40000-59999,*
46000,46000-46999,45000-49999,40000-49999,40000-59999,*
46100,46000-46999,45000-49999,40000-49999,40000-59999,*
46200,46000-46999,45000-49999,40000-49999,40000-59999,*
46300,46000-46999,45000-49999,40000-49999,40000-59999,*
46400,46000-46999,45000-49999,40000-49999,40000-59999,*
46500,46000-46999,45000-49999,40000-49999,40000-59999,*
46600,46000-46999,45000-49999,40000-49999,40000-59999,*
46700,46000-46999,45000-49999,40000-49999,40000-59999,*
46800,46000-46999,45000-49999,40000-49999,40000-59999,*
46900,46000-46999,45000-49999,40000-49999,40000-59999,*
47000,47000-47999,45000-49999,40000-49999,40000-59999,*
47100,47000-47999,45000-49999,40000-49999,40000-59999,*
47200,47000-47999,45000-49999,40000-49999,40000-59999,*
47300,47000-47999,45000-49999,40000-49999,40000-59999,*
47400,47000-47999,45000-49999,40000-49999,40000-59999,*
47500,47000-47999,45000-49999,40000-49999,40000-59999,*
47600,47000-47999,45000-49999,40000-49999,40000-59999,*
47700,47000-47999,45000-49999,40000-49999,40000-59999,*
47800,47000-47999,45000-49999,40000-49999,40000-59999,*
47900,47000-47999,45000-49999,40000-49999,40000-59999,*
48000,48000-48999,45000-49999,40000-49999,40000-59999,*
48100,48000-48999,45000-49999,40000-49999,40000-59999,*
48200,48000-48999,45000-49999,40000-49999,40000-59999,*
48300,48000-48999,45000-49999,40000-49999,40000-59999,*
48400,48000-48999,45000-49999,40000-49999,40000-59999,*
48500,48000-48999,45000-49999,40000-49999,40000-59999,*
48600,48000-48999,45000-49999,40000-49999,40000-59999,*
48700,48000-48999,45000-49999,40000-49999,40000-59999,*
48800,48000-48999,45000-49999,40000-49999,40000-59999,*
48900,48000-48999,45000-49999,40000-49999,40000-59999,*
49000,49000-49999,45000-49999,40000-49999,40000-59999,*
49100,49000-49999,45000-49999,40000-49999,40000-59999,*
49200,49000-49999,45000-49999,40000-49999,40000-59999,*
49300,49000-49999,45000-49999,40000-49999,40000-59999,*
49400,49000-49999,45000-49999,40000-49999,40000-59999,*
49500,49000-49999,45000-49999,40000-49999,40000-59999,*
49600,49000-49999,45000-49999,40000-49999,40000-59999,*
49700,49000-49999,45000-49999,40000-49999,40000-59999,*
49800,49000-49999,45000-49999,40000-49999,40000-59999,*
49900,49000-49999,45000-49999,40000-49999,40000-59999,*
50000,50000-50999,50000-54999,50000-59999,40000-59999,*
50100,50000-50999,50000-54999,50000-59999,40000-59999,*
50200,50000-50999,50000-54999,50000-59999,40000-59999,*
50300,50000-50999,50000-54999,50000-59999,40000-59999,*
50400,50000-50999,50000-54999,50000-59999,40000-59999,*
50500,50000-50999,50000-54999,50000-59999,40000-59999,*
50600,50000-50999,50000-54999,50000-59999,40000-59999,*
50700,50000-50999,50000-54999,50000-59999,40000-59999,*
50800,50000-50999,50000-54999,50000-59999,40000-59999,*
50900,50000-50999,50000-54999,50000-59999,40000-59999,*
51000,51000-51999,50000-54999,50000-59999,40000-59999,*
51100,51000-51999,50000-54999,50000-59999,40000-59999,*
51200,51000-51999,50000-54999,50000-59999,40000-59999,*
51300,51000-51999,50000-54999,50000-59999,40000-59999,*
51400,51000-51999,50000-54999,50000-59999,40000-59999,*
51500,51000-51999,50000-54999,50000-59999,40000-59999,*
51600,51000-51999,50000-54999,50000-59999,40000-59999,*
51700,51000-51999,50000-54999,50000-59999,40000-59999,*
51800,51000-51999,50000-54999,50000-59999,40000-59999,*
51900,51000-51999,50000-54999,50000-59999,40000-59999,*
52000,52000-52999,50000-54999,50000-59999,40000-59999,*
52100,52000-52999,50000-54999,50000-59999,40000-59999,*
52200,52000-52999,50000-54999,50000-59999,40000-59999,*
52300,52000-52999,50000-54999,50000-59999,40000-59999,*
52400,52000-52999,50000-54999,50000-59999,40000-59999,*
52500,52000-52999,50000-54999,50000-59999,40000-59999,*
52600,52000-52999,50000-54999,50000-59999,40000-59999,*
52700,52000-52999,50000-54999,50000-59999,40000-59999,*
52800,52000-52999,50000-54999,50000-59999,40000-59999,*
52900,52000-52999,50000-54999,50000-59999,40000-59999,*
53000,53000-53999,50000-54999,50000-59999,40000-59999,*
53100,53000-53999,50000-54999,50000-59999,40000-59999,*
53200,53000-53999,50000-54999,50000-59999,40000-59999,*
53300,53000-53999,50000-54999,50000-59999,40000-59999,*
53400,53000-53999,50000-54999,50000-59999,40000-59999,*
53500,53000-53999,50000-54999,50000-59999,40000-59999,*
53600,53000-53999,50000-54999,50000-59999,40000-59999,*
53700,53000-53999,50000-54999,50000-59999,40000-59999,*
53800,53000-53999,50000-54999,50000-59999,40000-59999,*
53900,53000-53999,50000-54999,50000-59999,40000-59999,*
54000,54000-54999,50000-54999,50000-59999,40000-59999,*
54100,54000-54999,50000-54999,50000-59999,40000-59999,*
54200,54000-54999,50000-54999,50000-59999,40000-59999,*
54300,54000-54999,50000-54999,50000-59999,40000-59999,*
54400,54000-54999,50000-54999,50000-59999,40000-59999,*
54500,54000-54999,50000-54999,50000-59999,40000-59999,*
54600,54000-54999,50000-54999,50000-59999,40000-59999,*
54700,54000-54999,50000-54999,50000-59999,40000-59999,*
54800,54000-54999,50000-54999,50000-59999,40000-59999,*
54900,54000-54999,50000-54999,50000-59999,40000-59999,*
55000,55000-55999,55000-59999,50000-59999,40000-59999,*
55100,55000-55999,55000-59999,50000-59999,40000-59999,*
55200,55000-55999,55000-59999,50000-59999,40000-59999,*
55300,55000-55999,55000-59999,50000-59999,40000-59999,*
55400,55000-55999,55000-59999,50000-59999,40000-59999,*
55500,55000-55999,55000-59999,50000-59999,40000-59999,*
55600,55000-55999,55000-59999,50000-59999,40000-59999,*
55700,55000-55999,55000-59999,50000-59999,40000-59999,*
55800,55000-55999,55000-59999,50000-59999,40000-59999,*
55900,55000-55999,55000-59999,50000-59999,40000-59999,*
56000,56000-56999,55000-59999,50000-59999,40000-59999,*
56100,56000-56999,55000-59999,50000-59999,40000-59999,*
56200,56000-56999,55000-59999,50000-59999,40000-59999,*
56300,56000-56999,55000-59999,50000-59999,40000-59999,*
56400,56000-56999,55000-59999,50000-59999,40000-59999,*
56500,56000-56999,55000-59999,50000-59999,40000-59999,*
56600,56000-56999,55000-59999,50000-59999,40000-59999,*
56700,56000-56999,55000-59999,50000-59999,40000-59999,*
56800,56000-56999,55000-59999,50000-59999,40000-59999,*
56900,56000-56999,55000-59999,50000-59999,40000-59999,*
57000,57000-57999,55000-59999,50000-59999,40000-59999,*
57100,57000-57999,55000-59999,50000-59999,40000-59999,*
57200,57000-57999,55000-59999,50000-59999,40000-59999,*
57300,57000-57999,55000-59999,50000-59999,40000-59999,*
57400,57000-57999,55000-59999,50000-59999,40000-59999,*
57500,57000-57999,55000-59999,50000-59999,40000-59999,*
57600,57000-57999,55000-59999,50000-59999,40000-59999,*
57700,57000-57999,55000-59999,50000-59999,40000-59999,*
57800,57000-57999,55000-59999,50000-59999,40000-59999,*
57900,57000-57999,55000-59999,50000-59999,40000-59999,*
58000,58000-58999,55000-59999,50000-59999,40000-59999,*
58100,58000-58999,55000-59999,50000-59999,40000-59999,*
58200,58000-58999,55000-59999,50000-59999,40000-59999,*
58300,58000-58999,55000-59999,50000-59999,40000-59999,*
58400,58000-58999,55000-59999,50000-59999,40000-59999,*
58500,58000-58999,55000-59999,50000-59999,40000-59999,*
58600,58000-58999,55000-59999,50000-59999,40000-59999,*
58700,58000-58999,55000-59999,50000-59999,40000-59999,*
58800,58000-58999,55000-59999,50000-59999,40000-59999,*
58900,58000-58999,55000-59999,50000-59999,40000-59999,*
59000,59000-59999,55000-59999,50000-59999,40000-59999,*
59100,59000-59999,55000-59999,50000-59999,40000-59999,*
59200,59000-59999,55000-59999,50000-59999,40000-59999,*
59300,59000-59999,55000-59999,50000-59999,40000-59999,*
59400,59000-59999,55000-59999,50000-59999,40000-59999,*
59500,59000-59999,55000-59999,50000-59999,40000-59999,*
59600,59000-59999,55000-59999,50000-59999,40000-59999,*
59700,59000-59999,55000-59999,50000-59999,40000-59999,*
59800,59000-59999,55000-59999,50000-59999,40000-59999,*
59900,59000-59999,55000-59999,50000-59999,40000-59999,*
60000,60000-60999,60000-64999,60000-69999,60000-79999,*
60100,60000-60999,60000-64999,60000-69999,60000-79999,*
60200,60000-60999,60000-64999,60000-69999,60000-79999,*
60300,60000-60999,60000-64999,60000-69999,60000-79999,*
60400,60000-60999,60000-64999,60000-69999,60000-79999,*
60500,60000-60999,60000-64999,60000-69999,60000-79999,*
60600,60000-60999,60000-64999,60000-69999,60000-79999,*
60700,60000-60999,60000-64999,60000-69999,60000-79999,*
60800,60000-60999,60000-64999,60000-69999,60000-79999,*
60900,60000-60999,60000-64999,60000-69999,60000-79999,*
61000,61000-61999,60000-64999,60000-69999,60000-79999,*
61100,61000-61999,60000-64999,60000-69999,60000-79999,*
61200,61000-61999,60000-64999,60000-69999,60000-79999,*
61300,61000-61999,60000-64999,60000-69999,60000-79999,*
61400,61000-61999,60000-64999,60000-69999,60000-79999,*
61500,61000-61999,60000-64999,60000-69999,60000-79999,*
61600,61000-61999,60000-64999,60000-69999,60000-79999,*
61700,61000-61999,60000-64999,60000-69999,60000-79999,*
61800,61000-61999,60000-64999,60000-69999,60000-79999,*
61900,61000-61999,60000-64999,60000-69999,60000-79999,*
62000,62000-62999,60000-64999,60000-69999,60000-79999,*
62100,62000-62999,60000-64999,60000-69999,60000-79999,*
62200,62000-62999,60000-64999,60000-69999,60000-79999,*
62300,62000-62999,60000-64999,60000-69999,60000-79999,*
62400,62000-62999,60000-64999,60000-69999,60000-79999,*
62500,62000-62999,60000-64999,60000-69999,60000-79999,*
62600,62000-62999,60000-64999,60000-69999,60000-79999,*
62700,62000-62999,60000-64999,60000-69999,60000-79999,*
62800,62000-62999,60000-64999,60000-69999,60000-79999,*
62900,62000-62999,60000-64999,60000-69999,60000-79999,*
63000,63000-63999,60000-64999,60000-69999,60000-79999,*
63100,63000-63999,60000-64999,60000-69999,60000-79999,*
63200,63000-63999,60000-64999,60000-69999,60000-79999,*
63300,63000-63999,60000-64999,60000-69999,60000-79999,*
63400,63000-63999,60000-64999,60000-69999,60000-79999,*
63500,63000-63999,60000-64999,60000-69999,60000-79999,*
63600,63000-63999,60000-64999,60000-69999,60000-79999,*
63700,63000-63999,60000-64999,60000-69999,60000-79999,*
63800,63000-63999,60000-64999,60000-69999,60000-79999,*
63900,63000-63999,60000-64999,60000-69999,60000-79999,*
64000,64000-64999,60000-64999,60000-69999,60000-79999,*
64100,64000-64999,60000-64999,60000-69999,60000-79999,*
64200,64000-64999,60000-64999,60000-69999,60000-79999,*
64300,64000-64999,60000-64999,60000-69999,60000-79999,*
64400,64000-64999,60000-64999,60000-69999,60000-79999,*
64500,64000-64999,60000-64999,60000-69999,60000-79999,*
64600,64000-64999,60000-64999,60000-69999,60000-79999,*
64700,64000-64999,60000-64999,60000-69999,60000-79999,*
64800,64000-64999,60000-64999,60000-69999,60000-79999,*
64900,64000-64999,60000-64999,60000-69999,60000-79999,*
65000,65000-65999,65000-69999,60000-69999,60000-79999,*
65100,65000-65999,65000-69999,60000-69999,60000-79999,*
65200,65000-65999,65000-69999,60000-69999,60000-79999,*
65300,65000-65999,65000-69999,60000-69999,60000-79999,*
65400,65000-65999,65000-69999,60000-69999,60000-79999,*
65500,65000-65999,65000-69999,60000-69999,60000-79999,*
65600,65000-65999,65000-69999,60000-69999,60000-79999,*
65700,65000-65999,65000-69999,60000-69999,60000-79999,*
65800,65000-65999,65000-69999,60000-69999,60000-79999,*
65900,65000-65999,65000-69999,60000-69999,60000-79999,*
66000,66000-66999,65000-69999,60000-69999,60000-79999,*
66100,66000-66999,65000-69999,60000-69999,60000-79999,*
66200,66000-66999,65000-69999,60000-69999,60000-79999,*
66300,66000-66999,65000-69999,60000-69999,60000-79999,*
66400,66000-66999,65000-69999,60000-69999,60000-79999,*
66500,66000-66999,65000-69999,60000-69999,60000-79999,*
66600,66000-66999,65000-69999,60000-69999,60000-79999,*
66700,66000-66999,65000-69999,60000-69999,60000-79999,*
66800,66000-66999,65000-69999,60000-69999,60000-79999,*
66900,66000-66999,65000-69999,60000-69999,60000-79999,*
67000,67000-67999,65000-69999,60000-69999,60000-79999,*
67100,67000-67999,65000-69999,60000-69999,60000-79999,*
67200,67000-67999,65000-69999,60000-69999,60000-79999,*
67300,67000-67999,65000-69999,60000-69999,60000-79999,*
67400,67000-67999,65000-69999,60000-69999,60000-79999,*
67500,67000-67999,65000-69999,60000-69999,60000-79999,*
67600,67000-67999,65000-69999,60000-69999,60000-79999,*
67700,67000-67999,65000-69999,60000-69999,60000-79999,*
67800,67000-67999,65000-69999,60000-69999,60000-79999,*
67900,67000-67999,65000-69999,60000-69999,60000-79999,*
68000,68000-68999,65000-69999,60000-69999,60000-79999,*
68100,68000-68999,65000-69999,60000-69999,60000-79999,*
68200,68000-68999,65000-69999,60000-69999,60000-79999,*
68300,68000-68999,65000-69999,60000-69999,60000-79999,*
68400,68000-68999,65000-69999,60000-69999,60000-79999,*
68500,68000-68999,65000-69999,60000-69999,60000-79999,*
68600,68000-68999,65000-69999,60000-69999,60000-79999,*
68700,68000-68999,65000-69999,60000-69999,60000-79999,*
68800,68000-68999,65000-69999,60000-69999,60000-79999,*
68900,68000-68999,65000-69999,60000-69999,60000-79999,*
69000,69000-69999,65000-69999,60000-69999,60000-79999,*
69100,69000-69999,65000-69999,60000-69999,60000-79999,*
69200,69000-69999,65000-69999,60000-69999,60000-79999,*
69300,69000-69999,65000-69999,60000-69999,60000-79999,*
69400,69000-69999,65000-69999,60000-69999,60000-79999,*
69500,69000-69999,65000-69999,60000-69999,60000-79999,*
69600,69000-69999,65000-69999,60000-69999,60000-79999,*
69700,69000-69999,65000-69999,60000-69999,60000-79999,*
69800,69000-69999,65000-69999,60000-69999,60000-79999,*
69900,69000-69999,65000-69999,60000-69999,60000-79999,*
70000,70000-70999,70000-74999,70000-79999,60000-79999,*
70100,70000-70999,70000-74999,70000-79999,60000-79999,*
70200,70000-70999,70000-74999,70000-79999,60000-79999,*
70300,70000-70999,70000-74999,70000-79999,60000-79999,*
70400,70000-70999,70000-74999,70000-79999,60000-79999,*
70500,70000-70999,70000-74999,70000-79999,60000-79999,*
70600,70000-70999,70000-74999,70000-79999,60000-79999,*
70700,70000-70999,70000-74999,70000-79999,60000-79999,*
70800,70000-70999,70000-74999,70000-79999,60000-79999,*
70900,70000-70999,70000-74999,70000-79999,60000-79999,*
71000,71000-71999,70000-74999,70000-79999,60000-79999,*
71100,71000-71999,70000-74999,70000-79999,60000-79999,*
71200,71000-71999,70000-74999,70000-79999,60000-79999,*
71300,71000-71999,70000-74999,70000-79999,60000-79999,*
71400,71000-71999,70000-74999,70000-79999,60000-79999,*
71500,71000-71999,70000-74999,70000-79999,60000-79999,*
71600,71000-71999,70000-74999,70000-79999,60000-79999,*
71700,71000-71999,70000-74999,70000-79999,60000-79999,*
71800,71000-71999,70000-74999,70000-79999,60000-79999,*
71900,71000-71999,70000-74999,70000-79999,60000-79999,*
72000,72000-72999,70000-74999,70000-79999,60000-79999,*
72100,72000-72999,70000-74999,70000-79999,60000-79999,*
72200,72000-72999,70000-74999,70000-79999,60000-79999,*
72300,72000-72999,70000-74999,70000-79999,60000-79999,*
72400,72000-72999,70000-74999,70000-79999,60000-79999,*
72500,72000-72999,70000-74999,70000-79999,60000-79999,*
72600,72000-72999,70000-74999,70000-79999,60000-79999,*
72700,72000-72999,70000-74999,70000-79999,60000-79999,*
72800,72000-72999,70000-74999,70000-79999,60000-79999,*
72900,72000-72999,70000-74999,70000-79999,60000-79999,*
73000,73000-73999,70000-74999,70000-79999,60000-79999,*
73100,73000-73999,70000-74999,70000-79999,60000-79999,*
73200,73000-73999,70000-74999,70000-79999,60000-79999,*
73300,73000-73999,70000-74999,70000-79999,60000-79999,*
73400,73000-73999,70000-74999,70000-79999,60000-79999,*
73500,73000-73999,70000-74999,70000-79999,60000-79999,*
73600,73000-73999,70000-74999,70000-79999,60000-79999,*
73700,73000-73999,70000-74999,70000-79999,60000-79999,*
73800,73000-73999,70000-74999,70000-79999,60000-79999,*
73900,73000-73999,70000-74999,70000-79999,60000-79999,*
74000,74000-74999,70000-74999,70000-79999,60000-79999,*
74100,74000-74999,70000-74999,70000-79999,60000-79999,*
74200,74000-74999,70000-74999,70000-79999,60000-79999,*
74300,74000-74999,70000-74999,70000-79999,60000-79999,*
74400,74000-74999,70000-74999,70000-79999,60000-79999,*
74500,74000-74999,70000-74999,70000-79999,60000-79999,*
74600,74000-74999,70000-74999,70000-79999,60000-79999,*
74700,74000-74999,70000-74999,70000-79999,60000-79999,*
74800,74000-74999,70000-74999,70000-79999,60000-79999,*
74900,74000-74999,70000-74999,70000-79999,60000-79999,*
75000,75000-75999,75000-79999,70000-79999,60000-79999,*
75100,75000-75999,75000-79999,70000-79999,60000-79999,*
75200,75000-75999,75000-79999,70000-79999,60000-79999,*
75300,75000-75999,75000-79999,70000-79999,60000-79999,*
75400,75000-75999,75000-79999,70000-79999,60000-79999,*
75500,75000-75999,75000-79999,70000-79999,60000-79999,*
75600,75000-75999,75000-79999,70000-79999,60000-79999,*
75700,75000-75999,75000-79999,70000-79999,60000-79999,*
75800,75000-75999,75000-79999,70000-79999,60000-79999,*
75900,75000-75999,75000-79999,70000-79999,60000-79999,*
76000,76000-76999,75000-79999,70000-79999,60000-79999,*
76100,76000-76999,75000-79999,70000-79999,60000-79999,*
76200,76000-76999,75000-79999,70000-79999,60000-79999,*
76300,76000-76999,75000-79999,70000-79999,60000-79999,*
76400,76000-76999,75000-79999,70000-79999,60000-79999,*
76500,76000-76999,75000-79999,70000-79999,60000-79999,*
76600,76000-76999,75000-79999,70000-79999,60000-79999,*
76700,76000-76999,75000-79999,70000-79999,60000-79999,*
76800,76000-76999,75000-79999,70000-79999,60000-79999,*
76900,76000-76999,75000-79999,70000-79999,60000-79999,*
77000,77000-77999,75000-79999,70000-79999,60000-79999,*
77100,77000-77999,75000-79999,70000-79999,60000-79999,*
77200,77000-77999,75000-79999,70000-79999,60000-79999,*
77300,77000-77999,75000-79999,70000-79999,60000-79999,*
77400,77000-77999,75000-79999,70000-79999,60000-79999,*
77500,77000-77999,75000-79999,70000-79999,60000-79999,*
77600,77000-77999,75000-79999,70000-79999,60000-79999,*
77700,77000-77999,75000-79999,70000-79999,60000-79999,*
77800,77000-77999,75000-79999,70000-79999,60000-79999,*
77900,77000-77999,75000-79999,70000-79999,60000-79999,*
78000,78000-78999,75000-79999,70000-79999,60000-79999,*
78100,78000-78999,75000-79999,70000-79999,60000-79999,*
78200,78000-78999,75000-79999,70000-79999,60000-79999,*
78300,78000-78999,75000-79999,70000-79999,60000-79999,*
78400,78000-78999,75000-79999,70000-79999,60000-79999,*
78500,78000-78999,75000-79999,70000-79999,60000-79999,*
78600,78000-78999,75000-79999,70000-79999,60000-79999,*
78700,78000-78999,75000-79999,70000-79999,60000-79999,*
78800,78000-78999,75000-79999,70000-79999,60000-79999,*
78900,78000-78999,75000-79999,70000-79999,60000-79999,*
79000,79000-79999,75000-79999,70000-79999,60000-79999,*
79100,79000-79999,75000-79999,70000-79999,60000-79999,*
79200,79000-79999,75000-79999,70000-79999,60000-79999,*
79300,79000-79999,75000-79999,70000-79999,60000-79999,*
79400,79000-79999,75000-79999,70000-79999,60000-79999,*
79500,79000-79999,75000-79999,70000-79999,60000-79999,*
79600,79000-79999,75000-79999,70000-79999,60000-79999,*
79700,79000-79999,75000-79999,70000-79999,60000-79999,*
79800,79000-79999,75000-79999,70000-79999,60000-79999,*
79900,79000-79999,75000-79999,70000-79999,60000-79999,*
80000,80000-80999,80000-84999,80000-89999,80000-99999,*
80100,80000-80999,80000-84999,80000-89999,80000-99999,*
80200,80000-80999,80000-84999,80000-89999,80000-99999,*
80300,80000-80999,80000-84999,80000-89999,80000-99999,*
80400,80000-80999,80000-84999,80000-89999,80000-99999,*
80500,80000-80999,80000-84999,80000-89999,80000-99999,*
80600,80000-80999,80000-84999,80000-89999,80000-99999,*
80700,80000-80999,80000-84999,80000-89999,80000-99999,*
80800,80000-80999,80000-84999,80000-89999,80000-99999,*
80900,80000-80999,80000-84999,80000-89999,80000-99999,*
81000,81000-81999,80000-84999,80000-89999,80000-99999,*
81100,81000-81999,80000-84999,80000-89999,80000-99999,*
81200,81000-81999,80000-84999,80000-89999,80000-99999,*
81300,81000-81999,80000-84999,80000-89999,80000-99999,*
81400,81000-81999,80000-84999,80000-89999,80000-99999,*
81500,81000-81999,80000-84999,80000-89999,80000-99999,*
81600,81000-81999,80000-84999,80000-89999,80000-99999,*
81700,81000-81999,80000-84999,80000-89999,80000-99999,*
81800,81000-81999,80000-84999,80000-89999,80000-99999,*
81900,81000-81999,80000-84999,80000-89999,80000-99999,*
82000,82000-82999,80000-84999,80000-89999,80000-99999,*
82100,82000-82999,80000-84999,80000-89999,80000-99999,*
82200,82000-82999,80000-84999,80000-89999,80000-99999,*
82300,82000-82999,80000-84999,80000-89999,80000-99999,*
82400,82000-82999,80000-84999,80000-89999,80000-99999,*
82500,82000-82999,80000-84999,80000-89999,80000-99999,*
82600,82000-82999,80000-84999,80000-89999,80000-99999,*
82700,82000-82999,80000-84999,80000-89999,80000-99999,*
82800,82000-82999,80000-84999,80000-89999,80000-99999,*
82900,82000-82999,80000-84999,80000-89999,80000-99999,*
83000,83000-83999,80000-84999,80000-89999,80000-99999,*
83100,83000-83999,80000-84999,80000-89999,80000-99999,*
83200,83000-83999,80000-84999,80000-89999,80000-99999,*
83300,83000-83999,80000-84999,80000-89999,80000-99999,*
83400,83000-83999,80000-84999,80000-89999,80000-99999,*
83500,83000-83999,80000-84999,80000-89999,80000-99999,*
83600,83000-83999,80000-84999,80000-89999,80000-99999,*
83700,83000-83999,80000-84999,80000-89999,80000-99999,*
83800,83000-83999,80000-84999,80000-89999,80000-99999,*
83900,83000-83999,80000-84999,80000-89999,80000-99999,*
84000,84000-84999,80000-84999,80000-89999,80000-99999,*
84100,84000-84999,80000-84999,80000-89999,80000-99999,*
84200,84000-84999,80000-84999,80000-89999,80000-99999,*
84300,84000-84999,80000-84999,80000-89999,80000-99999,*
84400,84000-84999,80000-84999,80000-89999,80000-99999,*
84500,84000-84999,80000-84999,80000-89999,80000-99999,*
84600,84000-84999,80000-84999,80000-89999,80000-99999,*
84700,84000-84999,80000-84999,80000-89999,80000-99999,*
84800,84000-84999,80000-84999,80000-89999,80000-99999,*
84900,84000-84999,80000-84999,80000-89999,80000-99999,*
85000,85000-85999,85000-89999,80000-89999,80000-99999,*
85100,85000-85999,85000-89999,80000-89999,80000-99999,*
85200,85000-85999,85000-89999,80000-89999,80000-99999,*
85300,85000-85999,85000-89999,80000-89999,80000-99999,*
85400,85000-85999,85000-89999,80000-89999,80000-99999,*
85500,85000-85999,85000-89999,80000-89999,80000-99999,*
85600,85000-85999,85000-89999,80000-89999,80000-99999,*
85700,85000-85999,85000-89999,80000-89999,80000-99999,*
85800,85000-85999,85000-89999,80000-89999,80000-99999,*
85900,85000-85999,85000-89999,80000-89999,80000-99999,*
86000,86000-86999,85000-89999,80000-89999,80000-99999,*
86100,86000-86999,85000-89999,80000-89999,80000-99999,*
86200,86000-86999,85000-89999,80000-89999,80000-99999,*
86300,86000-86999,85000-89999,80000-89999,80000-99999,*
86400,86000-86999,85000-89999,80000-89999,80000-99999,*
86500,86000-86999,85000-89999,80000-89999,80000-99999,*
86600,86000-86999,85000-89999,80000-89999,80000-99999,*
86700,86000-86999,85000-89999,80000-89999,80000-99999,*
86800,86000-86999,85000-89999,80000-89999,80000-99999,*
86900,86000-86999,85000-89999,80000-89999,80000-99999,*
87000,87000-87999,85000-89999,80000-89999,80000-99999,*
87100,87000-87999,85000-89999,80000-89999,80000-99999,*
87200,87000-87999,85000-89999,80000-89999,80000-99999,*
87300,87000-87999,85000-89999,80000-89999,80000-99999,*
87400,87000-87999,85000-89999,80000-89999,80000-99999,*
87500,87000-87999,85000-89999,80000-89999,80000-99999,*
87600,87000-87999,85000-89999,80000-89999,80000-99999,*
87700,87000-87999,85000-89999,80000-89999,80000-99999,*
87800,87000-87999,85000-89999,80000-89999,80000-99999,*
87900,87000-87999,85000-89999,80000-89999,80000-99999,*
88000,88000-88999,85000-89999,80000-89999,80000-99999,*
88100,88000-88999,85000-89999,80000-89999,80000-99999,*
88200,88000-88999,85000-89999,80000-89999,80000-99999,*
88300,88000-88999,85000-89999,80000-89999,80000-99999,*
88400,88000-88999,85000-89999,80000-89999,80000-99999,*
88500,88000-88999,85000-89999,80000-89999,80000-99999,*
88600,88000-88999,85000-89999,80000-89999,80000-99999,*
88700,88000-88999,85000-89999,80000-89999,80000-99999,*
88800,88000-88999,85000-89999,80000-89999,80000-99999,*
88900,88000-88999,85000-89999,80000-89999,80000-99999,*
89000,89000-89999,85000-89999,80000-89999,80000-99999,*
89100,89000-89999,85000-89999,80000-89999,80000-99999,*
89200,89000-89999,85000-89999,80000-89999,80000-99999,*
89300,89000-89999,85000-89999,80000-89999,80000-99999,*
89400,89000-89999,85000-89999,80000-89999,80000-99999,*
89500,89000-89999,85000-89999,80000-89999,80000-99999,*
89600,89000-89999,85000-89999,80000-89999,80000-99999,*
89700,89000-89999,85000-89999,80000-89999,80000-99999,*
89800,89000-89999,85000-89999,80000-89999,80000-99999,*
89900,89000-89999,85000-89999,80000-89999,80000-99999,*
90000,90000-90999,90000-94999,90000-99999,80000-99999,*
90100,90000-90999,90000-94999,90000-99999,80000-99999,*
90200,90000-90999,90000-94999,90000-99999,80000-99999,*
90300,90000-90999,90000-94999,90000-99999,80000-99999,*
90400,90000-90999,90000-94999,90000-99999,80000-99999,*
90500,90000-90999,90000-94999,90000-99999,80000-99999,*
90600,90000-90999,90000-94999,90000-99999,80000-99999,*
90700,90000-90999,90000-94999,90000-99999,80000-99999,*
90800,90000-90999,90000-94999,90000-99999,80000-99999,*
90900,90000-90999,90000-94999,90000-99999,80000-99999,*
91000,91000-91999,90000-94999,90000-99999,80000-99999,*
91100,91000-91999,90000-94999,90000-99999,80000-99999,*
91200,91000-91999,90000-94999,90000-99999,80000-99999,*
91300,91000-91999,90000-94999,90000-99999,80000-99999,*
91400,91000-91999,90000-94999,90000-99999,80000-99999,*
91500,91000-91999,90000-94999,90000-99999,80000-99999,*
91600,91000-91999,90000-94999,90000-99999,80000-99999,*
91700,91000-91999,90000-94999,90000-99999,80000-99999,*
91800,91000-91999,90000-94999,90000-99999,80000-99999,*
91900,91000-91999,90000-94999,90000-99999,80000-99999,*
92000,92000-92999,90000-94999,90000-99999,80000-99999,*
92100,92000-92999,90000-94999,90000-99999,80000-99999,*
92200,92000-92999,90000-94999,90000-99999,80000-99999,*
92300,92000-92999,90000-94999,90000-99999,80000-99999,*
92400,92000-92999,90000-94999,90000-99999,80000-99999,*
92500,92000-92999,90000-94999,90000-99999,80000-99999,*
92600,92000-92999,90000-94999,90000-99999,80000-99999,*
92700,92000-92999,90000-94999,90000-99999,80000-99999,*
92800,92000-92999,90000-94999,90000-99999,80000-99999,*
92900,92000-92999,90000-94999,90000-99999,80000-99999,*
93000,93000-93999,90000-94999,90000-99999,80000-99999,*
93100,93000-93999,90000-94999,90000-99999,80000-99999,*
93200,93000-93999,90000-94999,90000-99999,80000-99999,*
93300,93000-93999,90000-94999,90000-99999,80000-99999,*
93400,93000-93999,90000-94999,90000-99999,80000-99999,*
93500,93000-93999,90000-94999,90000-99999,80000-99999,*
93600,93000-93999,90000-94999,90000-99999,80000-99999,*
93700,93000-93999,90000-94999,90000-99999,80000-99999,*
93800,93000-93999,90000-94999,90000-99999,80000-99999,*
93900,93000-93999,90000-94999,90000-99999,80000-99999,*
94000,94000-94999,90000-94999,90000-99999,80000-99999,*
94100,94000-94999,90000-94999,90000-99999,80000-99999,*
94200,94000-94999,90000-94999,90000-99999,80000-99999,*
94300,94000-94999,90000-94999,90000-99999,80000-99999,*
94400,94000-94999,90000-94999,90000-99999,80000-99999,*
94500,94000-94999,90000-94999,90000-99999,80000-99999,*
94600,94000-94999,90000-94999,90000-99999,80000-99999,*
94700,94000-94999,90000-94999,90000-99999,80000-99999,*
94800,94000-94999,90000-94999,90000-99999,80000-99999,*
94900,94000-94999,90000-94999,90000-99999,80000-99999,*
95000,95000-95999,95000-99999,90000-99999,80000-99999,*
95100,95000-95999,95000-99999,90000-99999,80000-99999,*
95200,95000-95999,95000-99999,90000-99999,80000-99999,*
95300,95000-95999,95000-99999,90000-99999,80000-99999,*
95400,95000-95999,95000-99999,90000-99999,80000-99999,*
95500,95000-95999,95000-99999,90000-99999,80000-99999,*
95600,95000-95999,95000-99999,90000-99999,80000-99999,*
95700,95000-95999,95000-99999,90000-99999,80000-99999,*
95800,95000-95999,95000-99999,90000-99999,80000-99999,*
95900,95000-95999,95000-99999,90000-99999,80000-99999,*
96000,96000-96999,95000-99999,90000-99999,80000-99999,*
96100,96000-96999,95000-99999,90000-99999,80000-99999,*
96200,96000-96999,95000-99999,90000-99999,80000-99999,*
96300,96000-96999,95000-99999,90000-99999,80000-99999,*
96400,96000-96999,95000-99999,90000-99999,80000-99999,*
96500,96000-96999,95000-99999,90000-99999,80000-99999,*
96600,96000-96999,95000-99999,90000-99999,80000-99999,*
96700,96000-96999,95000-99999,90000-99999,80000-99999,*
96800,96000-96999,95000-99999,90000-99999,80000-99999,*
96900,96000-96999,95000-99999,90000-99999,80000-99999,*
97000,97000-97999,95000-99999,90000-99999,80000-99999,*
97100,97000-97999,95000-99999,90000-99999,80000-99999,*
97200,97000-97999,95000-99999,90000-99999,80000-99999,*
97300,97000-97999,95000-99999,90000-99999,80000-99999,*
97400,97000-97999,95000-99999,90000-99999,80000-99999,*
97500,97000-97999,95000-99999,90000-99999,80000-99999,*
97600,97000-97999,95000-99999,90000-99999,80000-99999,*
97700,97000-97999,95000-99999,90000-99999,80000-99999,*
97800,97000-97999,95000-99999,90000-99999,80000-99999,*
97900,97000-97999,95000-99999,90000-99999,80000-99999,*
98000,98000-98999,95000-99999,90000-99999,80000-99999,*
98100,98000-98999,95000-99999,90000-99999,80000-99999,*
98200,98000-98999,95000-99999,90000-99999,80000-99999,*
98300,98000-98999,95000-99999,90000-99999,80000-99999,*
98400,98000-98999,95000-99999,90000-99999,80000-99999,*
98500,98000-98999,95000-99999,90000-99999,80000-99999,*
98600,98000-98999,95000-99999,90000-99999,80000-99999,*
98700,98000-98999,95000-99999,90000-99999,80000-99999,*
98800,98000-98999,95000-99999,90000-99999,80000-99999,*
98900,98000-98999,95000-99999,90000-99999,80000-99999,*
99000,99000-99999,95000-99999,90000-99999,80000-99999,*
99100,99000-99999,95000-99999,90000-99999,80000-99999,*
99200,99000-99999,95000-99999,90000-99999,80000-99999,*
99300,99000-99999,95000-99999,90000-99999,80000-99999,*
99400,99000-99999,95000-99999,90000-99999,80000-99999,*
99500,99000-99999,95000-99999,90000-99999,80000-99999,*
99600,99000-99999,95000-99999,90000-99999,80000-99999,*
99700,99000-99999,95000-99999,90000-99999,80000-99999,*
99800,99000-99999,95000-99999,90000-99999,80000-99999,*
99900,99000-99999,95000-99999,90000-99999,80000-99999,*
